{
    "device_type": "L515", 
    "imus": [
        {
            "accelerometer": {
                "bias": [
                    -0.02548179739847517, 
                    -0.2123596698065938, 
                    -0.0012173681836593407
                ], 
                "scale_and_alignment": [
                    1.0090625302418244, 
                    -0.016776445923170447, 
                    0.016046676483625896, 
                    -0.016049336560706385, 
                    1.0091830802129176, 
                    0.005041949415790073, 
                    -0.015153848376967621, 
                    -0.008487772683030095, 
                    1.0085424907544323
                ]
            }, 
            "gyroscope": {
                "bias": [
                    0.0020653946813962137, 
                    0.0015879489930597603, 
                    0.0002864674130018721
                ], 
                "scale_and_alignment": [
                    1.0, 
                    0.0, 
                    0.0, 
                    0.0, 
                    1.0, 
                    0.0, 
                    0.0, 
                    0.0, 
                    1.0
                ]
            }
        }
    ]
}